Model,Accuracy,Precision,Recall,Macro F1,ROC-AUC
Logistic Regression,0.672549621444649,0.2947396963123644,0.222426846736239,0.5219016223881794,0.5387431694652604
SVM,0.6740843052997749,0.29615384615384616,0.220585226110088,0.5222150775466529,0.5387803371264586
Naive Bayes,0.6217515858399836,0.2525172754195459,0.2617147534274606,0.5016640125139787,0.5033507351401897
Random Forest,0.5932064661346429,0.2751283932501834,0.38367096378146104,0.5150877488688801,0.5363574396810242
