Model,Option Selection Accuracy,Option Selection F1 (Macro)
LogisticRegression,0.3423368119500716,0.3418605130315277
SVM,0.34090444035195416,0.3404304536774382
NaiveBayes,0.2809494577450379,0.28087206345721144
RandomForest,0.3079598935952527,0.3064696340284237
Ensemble (Soft Voting),0.34131368937998774,0.34064820012939484
